TZA	Tanzania	1989	2,162	2.162	24412000
NGA	Nigeria	1992	46,265	46.265	100162000
DJI	Djibouti	2001	0,366	0.366	733000
BHS	Bahamas	1960	0,41	0.41	110000
KAZ	Kazakhstan	1974	183,051	183.051	13870000
MLI	Mali	2006	1,081	1.081	13203000
PHL	Philippines	1954	5,331	5.331	21415000
MDA	Moldova	1993	15,846	15.846	4371000
BFA	Burkina Faso	2016	3,381	3.381	18646000
POL	Poland	2009	315,341	315.341	38352000
TTO	Trinidad and Tobago	1985	20,723	20.723	1170000
AUS	Australia	1879	1,455	1.455	2178966
AUS	Australia	1929	23,655	23.655	6399355
VEN	Venezuela	1926	1,07	1.07	3402545
GHA	Ghana	1991	4,21	4.21	15207000
SAU	Saudi Arabia	1941	1,81	1.81	2987401
AUT	Austria	1958	28,096	28.096	7008000
MDA	Moldova	1989	29,661	29.661	4348000
ALB	Albania	1995	2,085	2.085	3113000
LBN	Lebanon	1997	15,099	15.099	3658000
MKD	Macedonia	1996	11,732	11.732	1989000
IRN	Iran	1935	23,34	23.34	14169021
DZA	Algeria	1972	28,323	28.323	15286000
CYP	Cyprus	1991	5,144	5.144	783000
SWE	Sweden	1910	12,989	12.989	5492756
SDN	Sudan	2010	14,382	14.382	34545000
VNM	Vietnam	1917	1,737	1.737	17618952
COD	Democratic Republic of Congo	1994	1,699	1.699	40253000
NZL	New Zealand	2015	35,839	35.839	4615000
CRI	Costa Rica	2015	7,33	7.33	4848000
VUT	Vanuatu	1974	0,062	0.062	97000
RWA	Rwanda	1992	0,479	0.479	6702000
BWA	Botswana	1984	1,044	1.044	1031000
CAN	Canada	2004	586,469	586.469	31815000
ESP	Spain	2004	353,369	353.369	43308000
PLW	Palau	2017	0,229	0.229	18000
PSE	Palestine	2015	3,004	3.004	4529000
PRY	Paraguay	2012	5,173	5.173	6422000
MOZ	Mozambique	1967	1,871	1.871	8418000
VNM	Vietnam	1935	4,763	4.763	21206352
FRA	France	1958	266,208	266.208	44659000
UGA	Uganda	1953	0,209	0.209	5596000
AGO	Angola	1965	1,186	1.186	5771000
IDN	Indonesia	1996	255,069	255.069	199900992
SEN	Senegal	2017	11,312	11.312	15419000
TTO	Trinidad and Tobago	2012	45,31	45.31	1345000
BEN	Benin	1967	0,143	0.143	2735000
ALB	Albania	1956	0,839	0.839	1459000
CHE	Switzerland	1962	24,12	24.12	5487000
NZL	New Zealand	1939	4,463	4.463	1621539
TCD	Chad	1982	0,205	0.205	4718000
ROU	Romania	1950	19,419	19.419	16236000
GNQ	Equatorial Guinea	1980	0,059	0.059	250000
SSD	South Sudan	1971	0,415	0.415	3576000
GBR	United Kingdom	1812	36,937	36.937	14500244
BLR	Belarus	2014	63,794	63.794	9432000
SYR	Syria	1946	0,022	0.022	3210159
COD	Democratic Republic of Congo	1957	3,331	3.331	14161000
LIE	Liechtenstein	2018	0,153	0.153	38000
UKR	Ukraine	2017	223,22	223.22	44488000
BLZ	Belize	1959	0,04	0.04	89000
LIE	Liechtenstein	2001	0,215	0.215	34000
BOL	Bolivia	1991	5,974	5.974	7011000
ARM	Armenia	1980	17,488	17.488	3100000
TCD	Chad	1964	0,099	0.099	3247000
DZA	Algeria	1987	83,884	83.884	23774000
VEN	Venezuela	1942	11,549	11.549	4252551
BEL	Belgium	1846	8,966	8.966	4292667
DNK	Denmark	1909	8,006	8.006	2845289
BLZ	Belize	2012	0,476	0.476	338000
TUR	Turkey	1952	10,475	10.475	22509000
ZWE	Zimbabwe	1915	0,986	0.986	2123454
BRN	Brunei	1982	2,092	2.092	206000
IRQ	Iraq	2011	135,274	135.274	30725000
TON	Tonga	1999	0,11	0.11	97000
VEN	Venezuela	1960	57,017	57.017	8142000
BOL	Bolivia	1979	4,73	4.73	5462000
SEN	Senegal	1982	3,037	3.037	5910000
ZWE	Zimbabwe	2017	12,026	12.026	14237000
USA	United States	1966	3559,179	3559.179	201896000
POL	Poland	1904	69,382	69.382	25455210
TWN	Taiwan	1982	74,854	74.854	18478000
JPN	Japan	1923	75,907	75.907	58047208
ZAF	South Africa	2003	404,173	404.173	46719000
ARG	Argentina	1889	1,755	1.755	3294260
MDA	Moldova	2018	5,127	5.127	4052000
MEX	Mexico	1905	1,707	1.707	14504203
NOR	Norway	2004	44,646	44.646	4598000
GUY	Guyana	1978	2,056	2.056	770000
GNB	Guinea-Bissau	1995	0,183	0.183	1089000
KWT	Kuwait	2011	86,263	86.263	3168000
BDI	Burundi	1986	0,234	0.234	4887000
STP	Sao Tome and Principe	1963	0,007	0.007	64000
TWN	Taiwan	2008	260,073	260.073	23019000
HRV	Croatia	2011	20,699	20.699	4313000
HUN	Hungary	1918	10,651	10.651	7903494
UKR	Ukraine	1960	269,062	269.062	42665000
BWA	Botswana	1991	2,634	2.634	1326000
GIN	Guinea	2015	2,451	2.451	11432000
TTO	Trinidad and Tobago	2013	46,412	46.412	1354000
NLD	Netherlands	1880	7,973	7.973	4027301
TWN	Taiwan	1936	4,734	4.734	5242519
KGZ	Kyrgyzstan	1979	19,828	19.828	3543000
ZWE	Zimbabwe	1942	4,14	4.14	2574394
NOR	Norway	1963	14,965	14.965	3667000
NLD	Netherlands	1925	33,592	33.592	7365595
CRI	Costa Rica	1957	0,462	0.462	1192000
BEL	Belgium	1926	77,684	77.684	7843645
COD	Democratic Republic of Congo	1993	2,662	2.662	38816000
LBR	Liberia	1972	1,506	1.506	1475000
KHM	Cambodia	1992	1,348	1.348	9624000
SWE	Sweden	1905	10,164	10.164	5294734
TTO	Trinidad and Tobago	1930	3,646	3.646	412945
GBR	United Kingdom	1823	46,874	46.874	16912988
SSD	South Sudan	2004	0,954	0.954	7213000
CRI	Costa Rica	2012	7,178	7.178	4688000
POL	Poland	1853	4,316	4.316	13651671
TUN	Tunisia	2015	29,275	29.275	11180000
ROU	Romania	2012	86,534	86.534	20227000
MEX	Mexico	1893	0,531	0.531	12379454
PRT	Portugal	1889	1,572	1.572	4989341
FRA	France	1866	53,56	53.56	37846184
AUT	Austria	1901	28,363	28.363	6041260
LBR	Liberia	1965	0,557	0.557	1245000
JPN	Japan	1998	1205,59	1205.59	127117000
CHL	Chile	2013	81,692	81.692	17572000
USA	United States	1879	175,469	175.469	50223580
BRA	Brazil	1967	66,079	66.079	88036000
IRL	Ireland	2012	38,179	38.179	4608000
IND	India	1890	4,829	4.829	232819584
SRB	Serbia	1977	39,162	39.162	8663000
TUN	Tunisia	1982	9,493	9.493	6741000
LAO	Laos	1972	0,487	0.487	2841000
NOR	Norway	1915	8,449	8.449	2496684
SLE	Sierra Leone	2002	0,534	0.534	4966000
NOR	Norway	1972	29,395	29.395	3934000
ALB	Albania	1959	1,444	1.444	1589000
LBR	Liberia	1969	1,271	1.271	1367000
DNK	Denmark	1886	2,429	2.429	2207545
EGY	Egypt	1996	93,568	93.568	63602000
BRA	Brazil	1972	114,014	114.014	99859000
BLZ	Belize	1980	0,191	0.191	144000
NRU	Nauru	2011	0,04	0.04	10000
MUS	Mauritius	1975	0,59	0.59	892000
SUR	Suriname	1974	1,601	1.601	362000
GTM	Guatemala	1973	2,934	2.934	6105000
ROU	Romania	2018	74,061	74.061	19506000
GEO	Georgia	2001	3,734	3.734	4297000
DNK	Denmark	1945	14,044	14.044	4047500
HTI	Haiti	1995	0,876	0.876	7745000
CAN	Canada	1917	85,243	85.243	8260456
MEX	Mexico	1983	277,667	277.667	72709000
BGD	Bangladesh	1980	7,597	7.597	79639000
MAR	Morocco	1973	9,626	9.626	17049000
KHM	Cambodia	1990	1,26	1.26	8976000
WSM	Samoa	2013	0,198	0.198	191000
VEN	Venezuela	1966	56,974	56.974	10023000
CAN	Canada	1821	0,004	0.004	902652
ITA	Italy	1965	189,528	189.528	51677000
TON	Tonga	1960	0,011	0.011	62000
KEN	Kenya	2017	18,057	18.057	50221000
ARG	Argentina	1915	6,94	6.94	8069762
BEL	Belgium	1985	104,005	104.005	9917000
JOR	Jordan	1988	9,177	9.177	3257000
TTO	Trinidad and Tobago	2005	38,06	38.06	1296000
EGY	Egypt	1944	4,36	4.36	18820684
BHS	Bahamas	1971	6,724	6.724	174000
ESP	Spain	1966	77,617	77.617	32492000
GBR	United Kingdom	1765	10,988	10.988	
PHL	Philippines	2011	83,744	83.744	95570000
TUN	Tunisia	1980	9,465	9.465	6374000
DZA	Algeria	1965	6,589	6.589	12551000
EST	Estonia	1932	0,015	0.015	932644
GIN	Guinea	1970	0,791	0.791	4155000
MUS	Mauritius	2018	4,855	4.855	1267000
MAR	Morocco	1949	1,088	1.088	8825229
MMR	Myanmar	1946	0,007	0.007	16914366
ETH	Ethiopia	1998	3,147	3.147	62508000
IND	India	1910	25,696	25.696	253761200
ISR	Israel	2016	63,889	63.889	8109000
NLD	Netherlands	1999	170,993	170.993	15836000
ALB	Albania	1964	2,015	2.015	1844000
IDN	Indonesia	1904	3,367	3.367	40105308
ARG	Argentina	1924	10,959	10.959	10050859
MUS	Mauritius	2001	2,862	2.862	1194000
LUX	Luxembourg	1968	12,259	12.259	336000
MAR	Morocco	1939	0,319	0.319	7584470
NLD	Netherlands	1933	38,571	38.571	8232096
KGZ	Kyrgyzstan	1980	20,6	20.6	3611000
PER	Peru	1965	11,952	11.952	11711000
AZE	Azerbaijan	1973	39,261	39.261	5483000
ZWE	Zimbabwe	1997	14,294	14.294	11653000
IRN	Iran	2003	413,993	413.993	68123000
MYS	Malaysia	1919	0,769	0.769	3454571
VNM	Vietnam	2016	183,491	183.491	93640000
LBN	Lebanon	2006	14,792	14.792	4760000
GBR	United Kingdom	2018	379,04	379.04	67142000
GMB	Gambia	1996	0,22	0.22	1164000
VUT	Vanuatu	1986	0,059	0.059	133000
NLD	Netherlands	1980	176,632	176.632	14148000
SOM	Somalia	1982	0,718	0.718	6608000
NGA	Nigeria	2001	86,717	86.717	125394000
FIN	Finland	1900	0,601	0.601	2633387
AGO	Angola	1963	1,15	1.15	5679000
GBR	United Kingdom	1997	562,299	562.299	58307000
STP	Sao Tome and Principe	1964	0,011	0.011	64000
DEU	Germany	1839	7,02	7.02	30733332
QAT	Qatar	1958	0,169	0.169	42000
CHE	Switzerland	1957	17,701	17.701	5068000
BLZ	Belize	1984	0,172	0.172	160000
NOR	Norway	1857	0,304	0.304	1528148
CHL	Chile	1993	34,259	34.259	13945000
AUS	Australia	1896	4,503	4.503	3516129
LBY	Libya	1958	0,352	0.352	1358000
SEN	Senegal	2011	7,819	7.819	13034000
ATG	Antigua and Barbuda	1972	0,374	0.374	64000
UZB	Uzbekistan	2010	103,581	103.581	28516000
MDV	Maldives	2011	0,986	0.986	380000
HTI	Haiti	2008	2,366	2.366	9647000
MNE	Montenegro	2007	2,056	2.056	620000
USA	United States	1962	2984,002	2984.002	192314000
NLD	Netherlands	1934	38,63	38.63	8335743
WSM	Samoa	1962	0,018	0.018	116000
BGR	Bulgaria	1940	4,1	4.1	6672496
CAN	Canada	1927	91,999	91.999	9875173
MLT	Malta	1978	0,934	0.934	327000
NIU	Niue	1978	0,004	0.004	4000
USA	United States	1961	2877,37	2877.37	189570000
PER	Peru	1958	7,376	7.376	9606000
NRU	Nauru	2017	0,049	0.049	11000
BIH	Bosnia and Herzegovina	1972	10,724	10.724	3851000
MDV	Maldives	1994	0,198	0.198	249000
BOL	Bolivia	1954	0,788	0.788	3274000
KGZ	Kyrgyzstan	2018	10,081	10.081	6304000
SGP	Singapore	1989	41,709	41.709	2937000
IDN	Indonesia	1964	22,374	22.374	97597000
ZWE	Zimbabwe	1999	15,728	15.728	11823000
AGO	Angola	1960	0,549	0.549	5455000
CRI	Costa Rica	2006	6,965	6.965	4345000
YEM	Yemen	1985	8,573	8.573	9572000
ARE	United Arab Emirates	2017	200,04	200.04	9487000
SYR	Syria	1931	0,004	0.004	2581567
PRT	Portugal	1946	3,891	3.891	8133804
TUR	Turkey	1865	0,15	0.15	11651757
NZL	New Zealand	1925	4,089	4.089	1380657
ZMB	Zambia	1984	2,804	2.804	6702000
CAF	Central African Republic	1973	0,161	0.161	1895000
TUN	Tunisia	1960	1,724	1.724	4178000
IDN	Indonesia	1928	14,832	14.832	52076224
GBR	United Kingdom	1853	115,599	115.599	23232528
IRQ	Iraq	1995	74,084	74.084	20149000
ISR	Israel	1968	13,794	13.794	2677000
MEX	Mexico	1937	24,904	24.904	19594072
CAF	Central African Republic	2003	0,234	0.234	3881000
GRC	Greece	1987	62,576	62.576	10057000
AND	Andorra	1991	0,407	0.407	57000
JPN	Japan	1969	653,215	653.215	103496000
IDN	Indonesia	1894	0,48	0.48	35361272
BRB	Barbados	2013	1,438	1.438	284000
COM	Comoros	1960	0,011	0.011	191000
AUT	Austria	1849	2,261	2.261	3937048
MMR	Myanmar	1984	6,549	6.549	37242000
LVA	Latvia	2007	8,636	8.636	2198000
PNG	Papua New Guinea	1987	2,334	2.334	4293000
BEL	Belgium	1847	9,318	9.318	4326286
SEN	Senegal	1963	0,86	0.86	3482000
CHL	Chile	1938	5,529	5.529	4961553
BGR	Bulgaria	1998	53,176	53.176	8138000
POL	Poland	1951	122,143	122.143	25283000
KHM	Cambodia	1969	1,344	1.344	6881000
ZWE	Zimbabwe	1928	2,906	2.906	2329520
ZWE	Zimbabwe	1979	9,432	9.432	7160000
FJI	Fiji	2004	1,34	1.34	818000
SOM	Somalia	2013	0,63	0.63	13064000
DZA	Algeria	1927	0,059	0.059	6621661
TTO	Trinidad and Tobago	1968	4,037	4.037	931000
BEL	Belgium	1907	58,324	58.324	7333048
CIV	Cote d'Ivoire	2010	6,064	6.064	20533000
VEN	Venezuela	1913	0,015	0.015	3093944
AUS	Australia	1924	27,07	27.07	5828491
MEX	Mexico	1927	31,796	31.796	16545132
COL	Colombia	2001	55,939	55.939	40256000
ESP	Spain	2001	312,737	312.737	41319000
MOZ	Mozambique	2011	3,107	3.107	24188000
TUR	Turkey	1878	0,326	0.326	12377125
LBY	Libya	1995	45,691	45.691	4949000
BRA	Brazil	1991	217,228	217.228	151648000
WSM	Samoa	2004	0,15	0.15	179000
UKR	Ukraine	1986	714,004	714.004	51077000
ESP	Spain	1881	4,932	4.932	16995824
ESP	Spain	1894	8,735	8.735	18114000
GBR	United Kingdom	1972	648,026	648.026	55892000
BLZ	Belize	1971	0,143	0.143	125000
MYS	Malaysia	1984	34,794	34.794	15192000
BHR	Bahrain	1992	10,874	10.874	523000
TUV	Tuvalu	2011	0,007	0.007	11000
THA	Thailand	1950	0,956	0.956	20710000
KWT	Kuwait	2007	74,875	74.875	2504000
LTU	Lithuania	1988	34,789	34.789	3658000
GBR	United Kingdom	1889	345,024	345.024	33869468
IRL	Ireland	1917	0,256	0.256	3015837
GRC	Greece	1977	46,657	46.657	9255000
DEU	Germany	1863	49,383	49.383	37252544
ESP	Spain	2011	284,041	284.041	47084000
LBY	Libya	1987	32,348	32.348	4110000
SRB	Serbia	1968	22,832	22.832	7998000
LKA	Sri Lanka	1963	2,532	2.532	10598000
UZB	Uzbekistan	1986	117,425	117.425	18516000
GMB	Gambia	1994	0,209	0.209	1094000
FIN	Finland	2013	51,757	51.757	5439000
SUR	Suriname	1985	1,596	1.596	369000
SWE	Sweden	1874	1,872	1.872	4313280
TKM	Turkmenistan	1976	35,351	35.351	2594000
NGA	Nigeria	1926	0,876	0.876	19007240
KNA	Saint Kitts and Nevis	2013	0,224	0.224	50000
BEL	Belgium	1849	8,735	8.735	4392952
ITA	Italy	1861	0,671	0.671	26299204
GEO	Georgia	2011	7,804	7.804	4081000
ITA	Italy	1881	5,958	5.958	29797208
CHE	Switzerland	1939	11,86	11.86	4198972
MKD	Macedonia	1988	14,394	14.394	1996000
SUR	Suriname	2006	1,739	1.739	505000
USA	United States	1892	450,448	450.448	66717384
CHE	Switzerland	1864	0,572	0.572	2569746
ITA	Italy	2018	338,027	338.027	60627000
TUV	Tuvalu	1991	0,007	0.007	9000
JPN	Japan	1977	933,239	933.239	114828000
BRA	Brazil	1916	2,88	2.88	25436078
COD	Democratic Republic of Congo	1960	2,319	2.319	15248000
LBN	Lebanon	1980	5,89	5.89	2589000
CHE	Switzerland	1870	0,898	0.898	2663903
ATG	Antigua and Barbuda	1990	0,282	0.282	63000
CZE	Czech Republic	1998	125,313	125.313	10323000
POL	Poland	1892	43,096	43.096	23112478
FIN	Finland	1959	13,556	13.556	4400000
VNM	Vietnam	1898	0,656	0.656	14249413
GHA	Ghana	1981	3,03	3.03	11348000
HUN	Hungary	1863	1,209	1.209	5641256
GIN	Guinea	1960	0,41	0.41	3494000
DEU	Germany	1887	170,391	170.391	46772248
IDN	Indonesia	1899	1,125	1.125	37656668
THA	Thailand	2015	281,267	281.267	68715000
IRL	Ireland	1939	11,531	11.531	2917772
ROU	Romania	1897	1,297	1.297	10769324
IRN	Iran	1943	30,455	30.455	15650515
NLD	Netherlands	2008	175,524	175.524	16568000
HUN	Hungary	1995	61,627	61.627	10349000
ZWE	Zimbabwe	1973	9,271	9.271	5878000
VEN	Venezuela	1998	166,802	166.802	23289000
USA	United States	1996	5625,042	5625.042	268335008
RUS	Russia	2015	1622,498	1622.498	144984992
LUX	Luxembourg	1993	12,361	12.361	397000
BGD	Bangladesh	2017	78,884	78.884	159684992
MNG	Mongolia	1962	1,971	1.971	1011000
SYR	Syria	1940	0,022	0.022	2942180
OMN	Oman	1977	8,5	8.5	978000
SSD	South Sudan	1967	0,265	0.265	3268000
KIR	Kiribati	1974	0,033	0.033	54000
BEL	Belgium	1961	92,698	92.698	9225000
THA	Thailand	1956	2,62	2.62	24390000
HUN	Hungary	1845	0,088	0.088	4979136
BHR	Bahrain	1946	3,36	3.36	111326
PHL	Philippines	1928	0,081	0.081	11036099
NLD	Netherlands	1858	3,708	3.708	3293591
AUT	Austria	1950	20,899	20.899	6936000
UGA	Uganda	1971	1,439	1.439	9672000
DMA	Dominica	1970	0,026	0.026	71000
TZA	Tanzania	1967	1,758	1.758	12348000
MOZ	Mozambique	1975	2,882	2.882	10165000
IND	India	2014	2199,4	2199.4	1295601024
SLB	Solomon Islands	2006	0,165	0.165	481000
FRA	France	1845	17,836	17.836	35606000
SUR	Suriname	1990	1,738	1.738	405000
LAO	Laos	1998	0,82	0.82	5145000
DZA	Algeria	2015	150,704	150.704	39728000
ROU	Romania	1866	0,018	0.018	8917766
NRU	Nauru	2009	0,04	0.04	10000
SGP	Singapore	1988	35,949	35.949	2873000
PAK	Pakistan	1957	10,798	10.798	42111000
COM	Comoros	2006	0,161	0.161	626000
USA	United States	1944	2440,378	2440.378	141509776
AUT	Austria	1855	3,701	3.701	4095749
TGO	Togo	2008	1,523	1.523	6083000
CUB	Cuba	1986	33,375	33.375	10184000
PRT	Portugal	2009	57,139	57.139	10604000
KOR	South Korea	1968	37,197	37.197	30892000
ZAF	South Africa	2002	356,357	356.357	46151000
TJK	Tajikistan	1983	9,944	9.944	4265000
BGR	Bulgaria	1929	2,484	2.484	5956692
GBR	United Kingdom	1824	49,083	49.083	17144280
IRL	Ireland	1928	6,485	6.485	2920746
PNG	Papua New Guinea	1976	1,572	1.572	3220000
DEU	Germany	1794	0,443	0.443	
SLB	Solomon Islands	1968	0,037	0.037	150000
AUT	Austria	1947	17,631	17.631	6975374
SYR	Syria	2006	52,84	52.84	19059000
SWE	Sweden	1924	14,44	14.44	6024314
HUN	Hungary	1943	19,21	19.21	9427190
BEL	Belgium	1924	76,255	76.255	7708289
IND	India	1922	40,388	40.388	270853472
POL	Poland	1944	189,04	189.04	25791536
ETH	Ethiopia	1989	2,794	2.794	46272000
LTU	Lithuania	1995	15,004	15.004	3627000
GBR	United Kingdom	1927	466,735	466.735	45486076
MOZ	Mozambique	1928	0,022	0.022	5077610
TUR	Turkey	1895	0,374	0.374	13635509
YEM	Yemen	1977	2,978	2.978	7179000
BDI	Burundi	1963	0,048	0.048	2964000
VNM	Vietnam	2008	113,244	113.244	86243000
MYS	Malaysia	1993	90,69	90.69	19485000
MUS	Mauritius	1964	0,308	0.308	736000
RWA	Rwanda	1986	0,597	0.597	6444000
NIC	Nicaragua	1956	0,377	0.377	1558000
CHE	Switzerland	2011	40,979	40.979	7907000
CAN	Canada	1866	1,242	1.242	3597429
HTI	Haiti	1977	0,704	0.704	5295000
HND	Honduras	1967	0,875	0.875	2486000
STP	Sao Tome and Principe	1980	0,04	0.04	96000
LVA	Latvia	2012	7,52	7.52	2069000
FIN	Finland	1928	3,129	3.129	3396821
CZE	Czech Republic	1995	131,606	131.606	10358000
ROU	Romania	1898	1,711	1.711	10836914
KIR	Kiribati	1978	0,022	0.022	58000
CMR	Cameroon	1968	0,506	0.506	6201000
TWN	Taiwan	2005	255,804	255.804	22706000
CAN	Canada	1806	0,004	0.004	692543
TCD	Chad	1972	0,121	0.121	3815000
VEN	Venezuela	1972	62,514	62.514	12098000
ARE	United Arab Emirates	1982	36,753	36.753	1165000
NRU	Nauru	1973	0,084	0.084	7000
BGR	Bulgaria	1901	0,271	0.271	4046210
SGP	Singapore	1995	41,842	41.842	3526000
CHL	Chile	1973	27,586	27.586	10266000
IDN	Indonesia	1920	8,262	8.262	47287776
BRN	Brunei	1942	1,246	1.246	37034
AZE	Azerbaijan	2002	29,642	29.642	8277000
MRT	Mauritania	1965	0,161	0.161	986000
TUV	Tuvalu	1995	0,007	0.007	9000
CRI	Costa Rica	1983	2,089	2.089	2593000
LUX	Luxembourg	1996	9,209	9.209	414000
PAN	Panama	1985	2,613	2.613	2219000
BGR	Bulgaria	1957	14,392	14.392	7689000
AUS	Australia	1903	11,219	11.219	3906036
LBR	Liberia	1985	0,716	0.716	2146000
AZE	Azerbaijan	1960	20,573	20.573	3895000
FJI	Fiji	1979	0,836	0.836	622000
TWN	Taiwan	2004	250,259	250.259	22570000
GIN	Guinea	2001	1,561	1.561	8417000
GIN	Guinea	2014	2,165	2.165	11151000
DJI	Djibouti	2002	0,399	0.399	747000
NOR	Norway	1918	4,452	4.452	2576646
LKA	Sri Lanka	1950	1,627	1.627	7971000
POL	Poland	1889	40,517	40.517	22354404
CHE	Switzerland	1958	16,29	16.29	5128000
PER	Peru	1946	5,767	5.767	7201347
LBN	Lebanon	1993	10,355	10.355	3246000
MDV	Maldives	2003	0,506	0.506	303000
SEN	Senegal	1964	0,922	0.922	3580000
USA	United States	1801	0,267	0.267	6933517
CIV	Cote d'Ivoire	2004	7,335	7.335	17970000
MNG	Mongolia	1963	1,601	1.601	1042000
TUN	Tunisia	1961	1,765	1.765	4238000
PHL	Philippines	1939	0,084	0.084	14269315
LBN	Lebanon	1977	5,386	5.386	2602000
TTO	Trinidad and Tobago	1974	10,042	10.042	996000
AGO	Angola	2013	33,229	33.229	26016000
PHL	Philippines	1934	0,088	0.088	12720553
KOR	South Korea	1966	29,982	29.982	29573000
SWZ	Swaziland	2013	1,524	1.524	1087000
TWN	Taiwan	2012	255,477	255.477	23347000
BRA	Brazil	1915	3,144	3.144	24904038
BRN	Brunei	1974	8,178	8.178	155000
GBR	United Kingdom	2013	477,751	477.751	64984000
JOR	Jordan	1997	14,074	14.074	4849000
ALB	Albania	1958	1,202	1.202	1543000
SOM	Somalia	1996	0,568	0.568	7683000
CHL	Chile	1910	2,81	2.81	3369878
SWE	Sweden	1948	30,807	30.807	6840998
GHA	Ghana	2002	7,231	7.231	20246000
OMN	Oman	1994	15,053	15.053	2148000
USA	United States	1871	103,021	103.021	41864092
KIR	Kiribati	1989	0,022	0.022	71000
PHL	Philippines	1910	0,051	0.051	7771117
ROU	Romania	1894	1,041	1.041	10578936
GTM	Guatemala	1981	3,949	3.949	7466000
BLR	Belarus	1992	89,994	89.994	10154000
NZL	New Zealand	1940	4,76	4.76	1629869
HUN	Hungary	1837	0,07	0.07	4698357
GHA	Ghana	1979	2,649	2.649	10805000
VEN	Venezuela	1986	109,24	109.24	17772000
GNB	Guinea-Bissau	1952	0,011	0.011	553000
ITA	Italy	1968	249,172	249.172	52795000
FRA	France	2004	423,71	423.71	60698000
CAN	Canada	1980	442,817	442.817	24417000
EST	Estonia	1992	24,512	24.512	1521000
RUS	Russia	1977	1969,848	1969.848	135412992
DEU	Germany	1819	3,276	3.276	25304388
CHE	Switzerland	1929	10,267	10.267	4011708
COM	Comoros	1988	0,051	0.051	388000
CRI	Costa Rica	1973	2,043	2.043	1993000
SYR	Syria	1941	0,022	0.022	2985237
AGO	Angola	1986	4,634	4.634	10320000
MLT	Malta	1968	0,638	0.638	322000
IDN	Indonesia	1923	9,589	9.589	49031168
WSM	Samoa	1999	0,136	0.136	174000
FRA	France	1906	136,568	136.568	41025020
ITA	Italy	1930	39,564	39.564	40771060
ETH	Ethiopia	2005	4,955	4.955	76346000
BEL	Belgium	1972	130,638	130.638	9693000
NGA	Nigeria	1996	36,788	36.788	110669000
HUN	Hungary	1941	17,855	17.855	9324717
SYR	Syria	1956	2,004	2.004	4032000
SWE	Sweden	1927	17,628	17.628	6099870
BIH	Bosnia and Herzegovina	1986	19,468	19.468	4436000
TKM	Turkmenistan	1977	36,557	36.557	2664000
USA	United States	2002	5942,421	5942.421	287279008
MUS	Mauritius	1980	0,59	0.59	966000
MAR	Morocco	1928	0,029	0.029	6420139
ZAF	South Africa	1942	48,427	48.427	11462270
BFA	Burkina Faso	2001	0,992	0.992	11945000
BFA	Burkina Faso	1967	0,103	0.103	5343000
CUB	Cuba	1977	29,345	29.345	9646000
GBR	United Kingdom	1780	15,055	15.055	
DNK	Denmark	1994	64,674	64.674	5211000
TZA	Tanzania	1961	0,703	0.703	10347000
CHN	China	1905	2,297	2.297	411867872
JAM	Jamaica	1982	6,214	6.214	2234000
GNQ	Equatorial Guinea	1981	0,07	0.07	264000
LBN	Lebanon	1981	5,844	5.844	2594000
PRK	North Korea	1969	64,079	64.079	14010000
ZWE	Zimbabwe	1989	16,114	16.114	10154000
PAK	Pakistan	1953	8,427	8.427	39109000
VNM	Vietnam	1961	7,978	7.978	33666000
AUS	Australia	2016	413,157	413.157	24263000
BEL	Belgium	1928	88,258	88.258	7969332
ROU	Romania	1914	5,785	5.785	12428136
LCA	Saint Lucia	1989	0,165	0.165	136000
PRT	Portugal	1911	3,144	3.144	5943362
GRC	Greece	1910	0,718	0.718	5305864
MNE	Montenegro	1959	0,473	0.473	478000
NOR	Norway	2017	43,702	43.702	5296000
JOR	Jordan	2010	20,614	20.614	7262000
IDN	Indonesia	2003	316,655	316.655	220308992
LBN	Lebanon	1957	2,066	2.066	1637000
YEM	Yemen	2001	16,017	16.017	17918000
GAB	Gabon	1959	0,022	0.022	497000
TWN	Taiwan	1963	15,109	15.109	12065000
CAN	Canada	2006	570,811	570.811	32537000
BGR	Bulgaria	1913	0,788	0.788	4718716
WSM	Samoa	1995	0,117	0.117	170000
CIV	Cote d'Ivoire	2015	9,405	9.405	23226000
ITA	Italy	1950	41,451	41.451	46599000
ARE	United Arab Emirates	1995	70,013	70.013	2415000
BDI	Burundi	1998	0,249	0.249	6186000
LTU	Lithuania	2017	13,407	13.407	2845000
PRY	Paraguay	2015	6,051	6.051	6689000
NGA	Nigeria	1986	73,192	73.192	85766000
KNA	Saint Kitts and Nevis	1983	0,051	0.051	42000
LCA	Saint Lucia	2016	0,414	0.414	180000
GUY	Guyana	1990	1,14	1.14	743000
ECU	Ecuador	2006	28,525	28.525	14059000
IRN	Iran	1995	271,148	271.148	61443000
POL	Poland	1899	61,918	61.918	24512398
POL	Poland	1936	49,9	49.9	30404228
ATG	Antigua and Barbuda	1975	0,707	0.707	63000
MOZ	Mozambique	1937	0,059	0.059	5488061
GIN	Guinea	1994	1,125	1.125	7081000
ARG	Argentina	1950	29,928	29.928	17038000
GRC	Greece	1944	0,11	0.11	7281271
FJI	Fiji	1968	0,396	0.396	499000
OMN	Oman	1998	16,3	16.3	2252000
TJK	Tajikistan	1992	7,295	7.295	5502000
ALB	Albania	2000	3,019	3.019	3129000
CHE	Switzerland	1918	5,745	5.745	3870678
BGD	Bangladesh	1990	14,082	14.082	103172000
FIN	Finland	1991	55,23	55.23	5019000
NLD	Netherlands	1997	175,288	175.288	15655000
SAU	Saudi Arabia	2008	432,336	432.336	25889000
PRT	Portugal	2017	54,665	54.665	10289000
NLD	Netherlands	1860	4,796	4.796	3343095
AUS	Australia	1941	34,548	34.548	7119446
COL	Colombia	1954	9,625	9.625	13375000
PNG	Papua New Guinea	2007	6,115	6.115	6809000
CAN	Canada	1785	0,004	0.004	
KHM	Cambodia	1956	0,132	0.132	5177000
POL	Poland	1980	463,329	463.329	35540000
AFG	Afghanistan	1974	1,916	1.916	12413000
BLR	Belarus	2006	64,868	64.868	9517000
MNG	Mongolia	1955	0,59	0.59	855000
ZMB	Zambia	1959	4,568	4.568	2980000
COD	Democratic Republic of Congo	1969	3,648	3.648	19460000
KEN	Kenya	2015	16,301	16.301	47878000
NER	Niger	2007	0,717	0.717	14685000
COD	Democratic Republic of Congo	1930	0,388	0.388	10624850
DNK	Denmark	1896	4,313	4.313	2437792
MMR	Myanmar	1993	5,302	5.302	42890000
COG	Congo	2016	3,174	3.174	4981000
TGO	Togo	1953	0,029	0.029	1452000
AZE	Azerbaijan	1974	40,777	40.777	5579000
ESP	Spain	1837	0,037	0.037	13672905
GBR	United Kingdom	1866	211,732	211.732	26455324
STP	Sao Tome and Principe	1969	0,015	0.015	73000
ESP	Spain	1967	86,394	86.394	32830000
CAN	Canada	1833	0,004	0.004	1343027
ARM	Armenia	1990	18,116	18.116	3538000
CHL	Chile	1915	3,067	3.067	3569617
DZA	Algeria	1932	0,114	0.114	7051288
SLE	Sierra Leone	2001	0,513	0.513	4754000
MLT	Malta	1988	2,012	2.012	356000
SRB	Serbia	2000	44,952	44.952	9488000
GNB	Guinea-Bissau	1971	0,073	0.073	718000
AUS	Australia	1956	73,038	73.038	9372000
LKA	Sri Lanka	1959	2,055	2.055	9641000
CYP	Cyprus	1962	0,905	0.905	578000
TGO	Togo	2012	2,216	2.216	6774000
BGD	Bangladesh	1965	3,121	3.121	55385000
DMA	Dominica	1956	0,004	0.004	56000
DZA	Algeria	2007	108,4	108.4	34167000
ZWE	Zimbabwe	1983	10,425	10.425	8255000
NZL	New Zealand	2017	36,024	36.024	4702000
BRN	Brunei	1997	4,932	4.932	312000
EST	Estonia	2017	18,654	18.654	1319000
BOL	Bolivia	1986	3,764	3.764	6309000
ETH	Ethiopia	1952	0,099	0.099	18820000
VEN	Venezuela	1938	6,123	6.123	3919533
NOR	Norway	1970	27,979	27.979	3876000
CAN	Canada	1912	67,271	67.271	7597612
URY	Uruguay	1948	0,147	0.147	2169672
CYP	Cyprus	1988	4,197	4.197	736000
EGY	Egypt	1981	50,903	50.903	44400000
NLD	Netherlands	1924	30,594	30.594	7258615
KGZ	Kyrgyzstan	1984	21,035	21.035	3913000
SLB	Solomon Islands	1989	0,161	0.161	303000
AUT	Austria	1965	38,141	38.141	7305000
ALB	Albania	1944	0,154	0.154	1164928
TGO	Togo	1979	1,381	1.381	2643000
SOM	Somalia	2012	0,608	0.608	12715000
IND	India	1924	44,51	44.51	273946592
SVK	Slovakia	2012	35,979	35.979	5415000
BRB	Barbados	2017	1,27	1.27	286000
KHM	Cambodia	2000	1,975	1.975	12155000
IDN	Indonesia	1919	7,636	7.636	46691092
FRA	France	2005	427,036	427.036	61120000
PLW	Palau	2014	0,224	0.224	18000
BGD	Bangladesh	1999	25,076	25.076	125190000
NLD	Netherlands	1922	27,271	27.271	7032991
ISL	Iceland	1979	1,982	1.982	226000
TWN	Taiwan	1987	97,123	97.123	19807000
PRT	Portugal	1991	47,246	47.246	9916000
BRA	Brazil	1986	197,226	197.226	138108992
FIN	Finland	1984	42,147	42.147	4888000
GRC	Greece	2005	113,925	113.925	11225000
LUX	Luxembourg	1954	8,783	8.783	303000
SRB	Serbia	1979	47,569	47.569	8829000
BHR	Bahrain	1993	14,61	14.61	536000
URY	Uruguay	1934	0,051	0.051	1836623
GNB	Guinea-Bissau	1957	0,011	0.011	593000
FRA	France	1957	277,548	277.548	44221000
TWN	Taiwan	1981	74,567	74.567	18192000
BEL	Belgium	1874	25,915	25.915	5280844
CAN	Canada	1809	0,004	0.004	717320
CUB	Cuba	2017	28,103	28.103	11339000
CHL	Chile	1978	22,836	22.836	11089000
STP	Sao Tome and Principe	1966	0,011	0.011	66000
VUT	Vanuatu	1998	0,081	0.081	178000
DEU	Germany	1895	238,285	238.285	51469144
SLB	Solomon Islands	2010	0,187	0.187	528000
JPN	Japan	1938	131,757	131.757	71968296
HUN	Hungary	1944	15,858	15.858	9303424
QAT	Qatar	1969	7,167	7.167	101000
ARG	Argentina	1895	2,264	2.264	4005036
FRA	France	1881	77,985	77.985	39174316
UGA	Uganda	2003	1,577	1.577	25981000
SLV	El Salvador	1996	4,415	4.415	5690000
PER	Peru	1980	24,063	24.063	17548000
EGY	Egypt	1978	39,261	39.261	41276000
COM	Comoros	1973	0,029	0.029	244000
SRB	Serbia	2003	55,719	55.719	9292000
MUS	Mauritius	1981	0,542	0.542	978000
ERI	Eritrea	1942	0,011	0.011	1025840
DEU	Germany	1985	1044,11	1044.11	77692000
KHM	Cambodia	2007	3,452	3.452	13680000
VEN	Venezuela	1956	65,014	65.014	7012000
BLZ	Belize	1978	0,216	0.216	139000
CHN	China	1953	134,102	134.102	593366016
POL	Poland	1802	0,451	0.451	9596718
JPN	Japan	1933	91,362	91.362	67273280
PRY	Paraguay	1980	1,486	1.486	3182000
GNQ	Equatorial Guinea	2010	6,888	6.888	944000
USA	United States	1860	47,438	47.438	31967054
POL	Poland	1822	0,909	0.909	10638517
GNQ	Equatorial Guinea	1977	0,062	0.062	242000
UGA	Uganda	1967	0,809	0.809	8550000
EST	Estonia	1967	15,172	15.172	1319000
HUN	Hungary	1855	0,454	0.454	5342575
USA	United States	1972	4558,453	4558.453	213270000
IND	India	1893	6,013	6.013	235849872
GRD	Grenada	1953	0,011	0.011	78000
MLT	Malta	1976	0,762	0.762	324000
POL	Poland	1941	164,803	164.803	28870574
MDG	Madagascar	1973	1,073	1.073	7143000
MYS	Malaysia	2012	215,812	215.812	29068000
SGP	Singapore	2000	48,856	48.856	4029000
TUR	Turkey	1997	212,006	212.006	60373000
GRC	Greece	1927	2,316	2.316	6108116
FIN	Finland	1907	0,887	0.887	2826785
NER	Niger	1966	0,136	0.136	4028000
IRL	Ireland	1990	32,891	32.891	3511000
QAT	Qatar	2014	105,976	105.976	2459000
QAT	Qatar	1953	0,366	0.366	32000
BLZ	Belize	1989	0,3	0.3	183000
MAR	Morocco	1952	3,565	3.565	9529000
SSD	South Sudan	2003	0,755	0.755	6936000
SRB	Serbia	1969	23,673	23.673	8057000
TTO	Trinidad and Tobago	1966	4,052	4.052	919000
SDN	Sudan	2015	19,39	19.39	38903000
GRC	Greece	1868	0,084	0.084	3599753
IND	India	1920	38,161	38.161	267795296
MAR	Morocco	2009	52,59	52.59	31929000
SLB	Solomon Islands	2004	0,161	0.161	459000
KIR	Kiribati	1987	0,022	0.022	67000
IND	India	1897	8,999	8.999	239951360
LBN	Lebanon	1931	0,004	0.004	887011
RUS	Russia	1972	1613,171	1613.171	131540000
ROU	Romania	1933	27,311	27.311	14647590
DMA	Dominica	2000	0,103	0.103	70000
GIN	Guinea	1971	0,813	0.813	4223000
TZA	Tanzania	2007	5,71	5.71	40681000
MDG	Madagascar	2007	1,783	1.783	19434000
DNK	Denmark	1852	0,333	0.333	1545851
DOM	Dominican Republic	1975	6,333	6.333	5145000
MAR	Morocco	1956	3,521	3.521	10853000
DEU	Germany	1921	473,18	473.18	62899396
SWE	Sweden	1985	62,365	62.365	8358000
ARG	Argentina	1965	58,805	58.805	22160000
PRT	Portugal	1917	1,656	1.656	6022130
GTM	Guatemala	1947	0,015	0.015	2746062
PHL	Philippines	1918	0,029	0.029	9057743
PER	Peru	1897	0,04	0.04	3560934
SSD	South Sudan	1970	0,404	0.404	3494000
CAF	Central African Republic	1994	0,234	0.234	3135000
CHN	China	1973	965,647	965.647	889484992
USA	United States	1885	272,162	272.162	57461504
SOM	Somalia	1953	0,048	0.048	2397000
CAN	Canada	1884	8,599	8.599	4592456
AUT	Austria	1879	8,863	8.863	4903440
NLD	Netherlands	1956	65,084	65.084	10852000
NRU	Nauru	1994	0,11	0.11	10000
TUR	Turkey	1980	75,212	75.212	43976000
PLW	Palau	2016	0,224	0.224	18000
CHE	Switzerland	2008	44,707	44.707	7623000
NLD	Netherlands	1946	31,104	31.104	9436866
IRN	Iran	2016	652,97	652.97	79564000
IRQ	Iraq	1953	2,528	2.528	6216000
IRQ	Iraq	1966	27,676	27.676	8651000
NIU	Niue	1973	0,004	0.004	4000
SUR	Suriname	1950	0,213	0.213	215000
TUV	Tuvalu	1993	0,007	0.007	9000
TLS	Timor	2006	0,18	0.18	1016000
LVA	Latvia	1931	0,037	0.037	1621426
VEN	Venezuela	1990	121,822	121.822	19633000
EST	Estonia	1934	0,015	0.015	949911
GNB	Guinea-Bissau	1980	0,147	0.147	782000
GBR	United Kingdom	1985	559,628	559.628	56414000
CHE	Switzerland	1946	5,767	5.767	4458081
NOR	Norway	1847	0,103	0.103	1352190
USA	United States	2016	5306,662	5306.662	323016000
ITA	Italy	1932	28,077	28.077	41411984
POL	Poland	1992	364,675	364.675	38198000
CZE	Czech Republic	1988	180,558	180.558	10331000
MDV	Maldives	1990	0,172	0.172	223000
POL	Poland	1960	199,577	199.577	29614000
